Tamanho;Tempo;
500;0.000240
1000;0.000166
1500;0.000155
2000;0.000161
2500;0.000155
3000;0.000151
3500;0.000149
4000;0.000150
4500;0.000148
5000;0.000174
5500;0.000877
6000;0.000201
6500;0.000194
7000;0.000195
7500;0.000154
8000;0.000123
8500;0.000165
9000;0.000179
9500;0.000161
10000;0.000166
10500;0.000140
11000;0.000133
11500;0.000100
12000;0.000100
12500;0.000101
13000;0.000104
13500;0.000111
14000;0.000120
14500;0.000103
15000;0.000116
15500;0.000103
16000;0.000117
16500;0.000116
17000;0.000113
17500;0.000114
18000;0.000115
18500;0.000118
19000;0.000109
19500;0.000120
20000;0.000121
20500;0.000115
21000;0.000134
21500;0.000106
22000;0.000107
22500;0.000108
23000;0.000109
23500;0.000109
24000;0.000109
24500;0.000110
25000;0.000165
25500;0.000413
26000;0.008555
26500;0.000113
27000;0.000117
27500;0.000106
28000;0.000106
28500;0.000105
29000;0.000107
29500;0.000110
30000;0.000110
30500;0.000108
31000;0.000107
31500;0.000116
32000;0.000097
32500;0.000096
33000;0.000097
33500;0.000101
34000;0.000099
34500;0.000102
35000;0.000099
35500;0.000160
36000;0.000103
36500;0.000726
37000;0.000243
37500;0.000146
38000;0.000280
38500;0.000105
39000;0.000106
39500;0.000120
40000;0.000093
40500;0.000093
41000;0.000149
41500;0.000160
42000;0.000128
42500;0.000125
43000;0.000127
43500;0.000150
44000;0.000133
44500;0.000145
45000;0.000145
45500;0.000193
46000;0.000132
46500;0.000130
47000;0.000156
47500;0.000143
48000;0.000243
48500;0.000137
49000;0.000159
49500;0.000105
50000;0.000104
50500;0.000105
51000;0.000107
51500;0.000098
52000;0.000097
52500;0.000096
53000;0.000187
53500;0.000156
54000;0.000155
54500;0.000156
55000;0.000160
55500;0.000158
56000;0.000157
56500;0.000157
57000;0.000159
57500;0.000191
58000;0.000156
58500;0.000158
59000;0.000150
59500;0.000149
60000;0.000197
60500;0.000117
61000;0.000110
61500;0.000135
62000;0.000111
62500;0.000111
63000;0.000111
63500;0.000112
64000;0.000135
64500;0.000113
65000;0.000126
65500;0.000124
66000;0.000152
66500;0.000128
67000;0.000122
67500;0.000122
68000;0.000126
68500;0.000121
69000;0.000129
69500;0.000119
70000;0.000122
70500;0.000183
71000;0.000169
71500;0.000160
72000;0.000211
72500;0.000206
73000;0.000254
73500;0.000175
74000;0.000179
74500;0.000112
75000;0.000111
75500;0.000112
76000;0.000109
76500;0.000113
77000;0.000134
77500;0.000130
78000;0.000130
78500;0.000130
79000;0.000125
79500;0.000124
80000;0.000147
80500;0.000329
81000;0.000127
81500;0.000108
82000;0.000111
82500;0.000124
83000;0.000110
83500;0.000107
84000;0.000109
84500;0.000108
85000;0.000112
85500;0.000109
86000;0.000110
86500;0.000113
87000;0.000111
87500;0.000114
88000;0.000114
88500;0.000158
89000;0.000145
89500;0.000141
90000;0.000115
90500;0.000141
91000;0.000114
91500;0.000116
92000;0.000119
92500;0.000140
93000;0.000139
93500;0.000117
94000;0.000117
94500;0.000117
95000;0.000132
95500;0.000141
96000;0.000140
96500;0.000139
97000;0.000181
97500;0.000116
98000;0.000142
98500;0.000120
99000;0.000117
99500;0.000117
100000;0.000386
100500;0.000225
101000;0.000238
101500;0.000271
102000;0.000369
102500;0.000393
103000;0.000417
103500;0.000356
104000;0.000338
104500;0.000312
105000;0.000313
105500;0.000318
106000;0.000319
106500;0.000285
107000;0.000277
107500;0.000296
108000;0.000296
108500;0.000282
109000;0.000283
109500;0.000328
110000;0.000274
110500;0.000273
111000;0.000254
111500;0.000272
112000;0.000307
112500;0.000261
113000;0.000246
113500;0.000244
114000;0.000244
114500;0.000243
115000;0.000248
115500;0.000244
116000;0.000244
116500;0.000251
117000;0.000276
117500;0.000248
118000;0.000265
118500;0.000246
119000;0.000247
119500;0.000246
120000;0.000238
120500;0.000237
121000;0.000261
121500;0.000272
122000;0.000330
122500;0.000288
123000;0.000279
123500;0.000259
124000;0.000241
124500;0.000262
125000;0.000239
125500;0.000241
126000;0.000237
126500;0.000244
127000;0.000241
127500;0.000243
128000;0.000242
128500;0.000241
129000;0.000252
129500;0.000240
130000;0.000241
130500;0.000241
131000;0.000240
131500;0.000240
132000;0.000240
132500;0.000242
133000;0.000244
133500;0.000241
134000;0.000242
134500;0.000247
135000;0.000319
135500;0.000397
136000;0.000344
136500;0.041985
137000;0.000427
137500;0.000310
138000;0.000378
138500;0.000329
139000;0.000326
139500;0.000366
140000;0.000375
140500;0.000417
141000;0.000373
141500;0.000305
142000;0.000324
142500;0.000342
143000;0.000356
143500;0.000391
144000;0.000985
144500;0.000385
145000;0.000366
145500;0.000341
146000;0.000316
146500;0.000379
147000;0.000433
147500;0.000372
148000;0.000365
148500;0.000360
149000;0.000365
149500;0.042887
150000;0.000482
150500;0.000517
151000;0.000479
151500;0.000441
152000;0.000424
152500;0.000372
153000;0.000442
153500;0.044322
154000;0.000516
154500;0.000548
155000;0.000633
155500;0.000501
156000;0.000623
156500;0.000429
157000;0.000505
157500;0.000495
158000;0.000340
158500;0.000327
159000;0.000378
159500;0.000326
160000;0.000324
160500;0.000329
161000;0.000324
161500;0.000325
162000;0.000358
162500;0.000292
163000;0.000287
163500;0.000286
164000;0.000286
164500;0.000300
165000;0.000287
165500;0.000334
166000;0.000290
166500;0.000260
167000;0.000256
167500;0.000269
168000;0.000258
168500;0.000260
169000;0.000296
169500;0.000376
170000;0.041345
170500;0.000598
171000;0.000384
171500;0.000442
172000;0.000430
172500;0.000378
173000;0.000438
173500;0.000377
174000;0.000378
174500;0.000417
175000;0.000365
175500;0.000328
176000;0.000366
176500;0.000327
177000;0.000322
177500;0.000414
178000;0.000366
178500;0.000410
179000;0.000487
179500;0.000555
180000;0.000387
180500;0.000335
181000;0.000368
181500;0.000327
182000;0.000318
182500;0.000344
183000;0.000383
183500;0.000334
184000;0.000315
184500;0.000327
185000;0.000340
185500;0.000306
186000;0.000305
186500;0.000304
187000;0.000305
187500;0.000312
188000;0.000277
188500;0.000281
189000;0.000295
189500;0.000281
190000;0.000280
190500;0.000280
191000;0.000283
191500;0.000281
192000;0.000326
192500;0.000483
193000;0.000580
193500;0.000447
194000;0.000343
194500;0.000334
195000;0.000335
195500;0.000332
196000;0.000329
196500;0.000328
197000;0.000278
197500;0.000285
198000;0.000283
198500;0.000285
199000;0.000287
199500;0.000285
200000;0.000286
200500;0.000317
201000;0.000279
201500;0.000294
202000;0.000294
202500;0.000313
203000;0.000361
203500;0.000450
204000;0.000437
204500;0.001126
205000;0.000411
205500;0.000455
206000;0.000398
206500;0.000373
207000;0.000348
207500;0.000366
208000;0.000325
208500;0.000316
209000;0.000350
209500;0.000398
210000;0.000327
210500;0.000322
211000;0.000324
211500;0.000294
212000;0.000322
212500;0.000320
213000;0.000326
213500;0.000309
214000;0.000334
214500;0.000372
215000;0.000336
215500;0.000306
216000;0.000420
216500;0.000334
217000;0.000305
217500;0.000437
218000;0.000399
218500;0.000980
219000;0.000515
219500;0.000460
220000;0.000383
220500;0.000432
221000;0.000383
221500;0.000371
222000;0.000496
222500;0.000365
223000;0.000363
223500;0.000322
224000;0.000320
224500;0.000313
225000;0.000323
225500;0.000329
226000;0.000323
226500;0.000531
227000;0.000485
227500;0.000518
228000;0.000406
228500;0.000354
229000;0.000370
229500;0.000353
230000;0.000430
230500;0.000395
231000;0.000372
231500;0.000371
232000;0.000380
232500;0.000373
233000;0.000398
233500;0.000393
234000;0.000465
234500;0.000402
235000;0.000622
235500;0.000441
236000;0.000382
236500;0.000421
237000;0.000335
237500;0.000398
238000;0.000343
238500;0.000356
239000;0.000430
239500;0.000400
240000;0.000565
240500;0.000459
241000;0.000322
241500;0.000381
242000;0.000324
242500;0.000400
243000;0.000522
243500;0.000388
244000;0.000371
244500;0.000348
245000;0.000436
245500;0.000436
246000;0.000341
246500;0.000378
247000;0.000339
247500;0.000363
248000;0.000392
248500;0.000337
249000;0.000514
249500;0.000520
250000;0.000512
250500;0.000428
251000;0.000338
251500;0.000380
252000;0.000386
252500;0.000330
253000;0.000335
253500;0.000384
254000;0.000335
254500;0.000382
255000;0.000406
255500;0.000355
256000;0.000382
256500;0.000355
257000;0.000364
257500;0.000500
258000;0.000439
258500;0.000448
259000;0.000443
259500;0.000505
260000;0.000527
260500;0.000498
261000;0.000363
261500;0.000366
262000;0.000327
262500;0.000352
263000;0.000622
263500;0.000756
264000;0.000481
264500;0.000369
265000;0.000383
265500;0.000377
266000;0.000395
266500;0.000416
267000;0.000555
267500;0.000398
268000;0.000369
268500;0.000375
269000;0.000409
269500;0.000412
270000;0.001729
270500;0.000462
271000;0.000378
271500;0.000377
272000;0.000502
272500;0.000474
273000;0.000430
273500;0.000429
274000;0.000329
274500;0.000334
275000;0.000337
275500;0.000324
276000;0.000379
276500;0.000368
277000;0.000369
277500;0.000354
278000;0.000340
278500;0.000351
279000;0.000338
279500;0.000347
280000;0.000327
280500;0.000397
281000;0.000439
281500;0.000721
282000;0.000342
282500;0.000413
283000;0.000437
283500;0.000417
284000;0.000443
284500;0.000432
285000;0.000420
285500;0.000449
286000;0.000423
286500;0.000390
287000;0.000405
287500;0.000357
288000;0.000400
288500;0.000343
289000;0.000302
289500;0.000485
290000;0.000516
290500;0.000462
291000;0.000555
291500;0.000571
292000;0.000507
292500;0.000450
293000;0.000460
293500;0.000463
294000;0.000446
294500;0.000464
295000;0.000370
295500;0.000401
296000;0.000431
296500;0.000458
297000;0.000619
297500;0.000507
298000;0.001188
298500;0.000570
299000;0.000719
299500;0.000495
300000;0.000439
300500;0.000396
301000;0.000703
301500;0.000668
302000;0.000452
302500;0.000343
303000;0.000324
303500;0.000345
304000;0.000380
304500;0.000497
305000;0.000542
305500;0.000479
306000;0.000523
306500;0.000451
307000;0.000514
307500;0.000533
308000;0.001127
308500;0.000564
309000;0.000401
309500;0.000442
310000;0.000415
310500;0.000458
311000;0.000379
311500;0.000403
312000;0.000372
312500;0.000404
313000;0.000309
313500;0.000359
314000;0.000321
314500;0.000328
315000;0.000328
315500;0.000344
316000;0.000332
316500;0.000507
317000;0.001156
317500;0.000359
318000;0.000324
318500;0.000318
319000;0.000298
319500;0.000440
320000;0.000322
320500;0.000332
321000;0.000311
321500;0.000299
322000;0.000309
322500;0.000425
323000;0.000394
323500;0.000397
324000;0.000430
324500;0.000395
325000;0.000389
325500;0.000428
326000;0.000418
326500;0.000534
327000;0.001513
327500;0.000489
328000;0.000500
328500;0.000551
329000;0.000546
329500;0.000513
330000;0.000403
330500;0.000403
331000;0.000531
331500;0.000447
332000;0.000553
332500;0.000439
333000;0.000576
333500;0.000472
334000;0.000490
334500;0.000455
335000;0.000437
335500;0.000533
336000;0.000856
336500;0.000541
337000;0.000497
337500;0.000511
338000;0.000482
338500;0.000465
339000;0.000359
339500;0.000432
340000;0.000420
340500;0.000525
341000;0.000465
341500;0.000495
342000;0.000488
342500;0.000415
343000;0.000392
343500;0.000496
344000;0.000491
344500;0.000635
345000;0.000529
345500;0.000466
346000;0.000455
346500;0.000419
347000;0.000494
347500;0.000429
348000;0.000433
348500;0.000452
349000;0.000397
349500;0.000424
350000;0.000473
350500;0.000421
351000;0.000384
351500;0.000490
352000;0.000632
352500;0.000629
353000;0.000540
353500;0.000651
354000;0.000476
354500;0.000459
355000;0.000380
355500;0.000384
356000;0.000440
356500;0.000393
357000;0.000457
357500;0.000459
358000;0.000416
358500;0.000383
359000;0.000507
359500;0.000497
360000;0.000559
360500;0.000585
361000;0.000782
361500;0.000427
362000;0.000463
362500;0.000434
363000;0.000410
363500;0.000429
364000;0.000390
364500;0.000432
365000;0.000372
365500;0.000491
366000;0.000389
366500;0.000386
367000;0.000400
367500;0.000449
368000;0.000462
368500;0.000403
369000;0.000377
369500;0.000361
370000;0.000403
370500;0.000388
371000;0.000390
371500;0.000396
372000;0.000385
372500;0.000437
373000;0.000389
373500;0.000369
374000;0.000381
374500;0.000372
375000;0.000378
375500;0.000377
376000;0.000414
376500;0.000474
377000;0.000543
377500;0.000532
378000;0.000497
378500;0.000583
379000;0.000451
379500;0.000442
380000;0.000448
380500;0.000431
381000;0.000453
381500;0.000447
382000;0.000478
382500;0.000399
383000;0.000401
383500;0.000408
384000;0.000425
384500;0.000406
385000;0.000469
385500;0.000485
386000;0.000562
386500;0.000558
387000;0.000560
387500;0.000518
388000;0.000627
388500;0.000442
389000;0.000451
389500;0.000484
390000;0.000468
390500;0.000465
391000;0.000772
391500;0.000534
392000;0.000615
392500;0.000694
393000;0.000627
393500;0.000569
394000;0.000539
394500;0.000533
395000;0.000917
395500;0.000549
396000;0.000617
396500;0.000484
397000;0.000445
397500;0.000460
398000;0.000552
398500;0.000519
399000;0.000524
399500;0.000406
400000;0.000473
400500;0.000515
401000;0.000500
401500;0.000439
402000;0.000458
402500;0.000408
403000;0.000430
403500;0.000436
404000;0.000428
404500;0.000416
405000;0.000428
405500;0.000431
406000;0.000433
406500;0.000391
407000;0.000399
407500;0.000380
408000;0.000374
408500;0.000408
409000;0.000508
409500;0.000699
410000;0.000451
410500;0.000337
411000;0.000596
411500;0.000509
412000;0.000491
412500;0.000452
413000;0.000500
413500;0.000453
414000;0.000464
414500;0.000522
415000;0.000479
415500;0.000477
416000;0.000584
416500;0.000567
417000;0.000479
417500;0.000464
418000;0.000447
418500;0.000462
419000;0.000484
419500;0.000454
420000;0.000469
420500;0.000442
421000;0.000459
421500;0.000460
422000;0.000465
422500;0.000461
423000;0.000471
423500;0.000453
424000;0.000579
424500;0.000529
425000;0.000433
425500;0.000417
426000;0.000437
426500;0.000423
427000;0.000443
427500;0.000412
428000;0.000436
428500;0.000797
429000;0.000439
429500;0.000377
430000;0.000375
430500;0.000387
431000;0.000393
431500;0.000384
432000;0.000459
432500;0.000493
433000;0.000441
433500;0.000390
434000;0.000373
434500;0.000403
435000;0.000412
435500;0.000433
436000;0.000401
436500;0.000421
437000;0.000409
437500;0.000477
438000;0.000401
438500;0.000461
439000;0.000412
439500;0.000426
440000;0.000450
440500;0.000430
441000;0.000539
441500;0.000549
442000;0.000441
442500;0.000425
443000;0.000425
443500;0.000422
444000;0.000420
444500;0.000457
445000;0.000395
445500;0.000443
446000;0.000458
446500;0.000410
447000;0.000483
447500;0.000422
448000;0.000485
448500;0.000436
449000;0.000547
449500;0.000572
450000;0.000509
450500;0.000467
451000;0.000472
451500;0.000612
452000;0.000624
452500;0.000594
453000;0.000604
453500;0.000379
454000;0.000402
454500;0.000383
455000;0.000422
455500;0.000468
456000;0.000506
456500;0.000576
457000;0.000539
457500;0.000462
458000;0.000466
458500;0.000423
459000;0.000496
459500;0.000454
460000;0.000425
460500;0.000446
461000;0.000458
461500;0.000417
462000;0.000405
462500;0.000391
463000;0.000428
463500;0.000467
464000;0.000460
464500;0.000508
465000;0.000445
465500;0.000567
466000;0.000445
466500;0.000615
467000;0.000582
467500;0.000549
468000;0.000565
468500;0.000544
469000;0.000504
469500;0.000488
470000;0.000511
470500;0.000514
471000;0.000628
471500;0.000632
472000;0.000623
472500;0.000518
473000;0.000468
473500;0.000505
474000;0.000492
474500;0.000434
475000;0.000458
475500;0.000573
476000;0.000461
476500;0.000475
477000;0.000438
477500;0.000560
478000;0.000625
478500;0.001420
479000;0.000595
479500;0.000575
480000;0.000508
480500;0.000510
481000;0.000515
481500;0.000490
482000;0.000439
482500;0.000546
483000;0.000698
483500;0.000702
484000;0.000538
484500;0.000623
485000;0.000693
485500;0.000542
486000;0.000533
486500;0.000460
487000;0.000767
487500;0.000428
488000;0.000448
488500;0.000419
489000;0.000423
489500;0.000441
490000;0.000465
490500;0.000481
491000;0.000451
491500;0.000583
492000;0.000469
492500;0.000434
493000;0.000440
493500;0.000401
494000;0.000511
494500;0.000408
495000;0.000451
495500;0.000410
496000;0.000422
496500;0.000507
497000;0.000519
497500;0.000529
498000;0.000574
498500;0.000815
499000;0.000607
499500;0.000554
500000;0.000766
500500;0.000770
501000;0.001286
501500;0.000638
502000;0.000643
502500;0.000632
503000;0.000747
503500;0.000620
504000;0.000817
504500;0.000690
505000;0.001456
505500;0.000623
506000;0.000697
506500;0.000760
507000;0.000626
507500;0.000490
508000;0.000502
508500;0.000497
509000;0.000494
509500;0.000547
510000;0.000489
510500;0.000534
511000;0.000692
511500;0.000615
512000;0.000525
512500;0.000590
513000;0.000536
513500;0.000542
514000;0.000505
514500;0.000517
515000;0.000533
515500;0.000506
516000;0.000518
516500;0.000506
517000;0.000501
517500;0.000743
518000;0.000593
518500;0.000686
519000;0.000694
519500;0.000606
520000;0.000620
520500;0.000586
521000;0.000610
521500;0.000514
522000;0.000567
522500;0.000722
523000;0.000558
523500;0.000631
524000;0.001667
524500;0.000475
525000;0.000461
525500;0.000394
526000;0.000581
526500;0.000565
527000;0.000493
527500;0.000519
528000;0.000537
528500;0.000612
529000;0.000574
529500;0.000664
530000;0.000706
530500;0.000621
531000;0.000510
531500;0.000537
532000;0.000566
532500;0.000566
533000;0.000491
533500;0.000465
534000;0.000550
534500;0.000512
535000;0.000522
535500;0.000444
536000;0.000670
536500;0.000791
537000;0.000611
537500;0.000421
538000;0.000632
538500;0.000586
539000;0.000507
539500;0.000535
540000;0.000490
540500;0.000490
541000;0.000727
541500;0.000566
542000;0.000688
542500;0.000711
543000;0.000626
543500;0.000484
544000;0.000585
544500;0.000704
545000;0.000528
545500;0.000636
546000;0.000540
546500;0.000544
547000;0.000547
547500;0.000516
548000;0.000555
548500;0.000716
549000;0.000556
549500;0.000489
550000;0.000571
550500;0.000696
551000;0.000519
551500;0.000585
552000;0.000491
552500;0.000511
553000;0.000608
553500;0.000493
554000;0.000573
554500;0.000748
555000;0.000687
555500;0.000496
556000;0.000681
556500;0.000576
557000;0.000425
557500;0.000605
558000;0.000493
558500;0.000501
559000;0.000581
559500;0.000490
560000;0.000496
560500;0.000738
561000;0.000750
561500;0.000648
562000;0.000582
562500;0.000547
563000;0.000635
563500;0.000534
564000;0.000425
564500;0.000532
565000;0.000513
565500;0.000599
566000;0.000558
566500;0.000895
567000;0.000786
567500;0.000627
568000;0.000537
568500;0.000594
569000;0.000547
569500;0.000545
570000;0.000493
570500;0.000448
571000;0.000555
571500;0.000468
572000;0.000519
572500;0.000449
573000;0.000574
573500;0.000806
574000;0.000490
574500;0.000761
575000;0.000422
575500;0.000596
576000;0.000628
576500;0.000972
577000;0.000595
577500;0.000667
578000;0.000569
578500;0.000801
579000;0.000757
579500;0.000573
580000;0.000525
580500;0.000550
581000;0.000502
581500;0.000577
582000;0.000510
582500;0.000520
583000;0.000576
583500;0.000589
584000;0.000805
584500;0.000732
585000;0.000623
585500;0.000656
586000;0.000777
586500;0.000617
587000;0.000651
587500;0.000547
588000;0.000566
588500;0.000562
589000;0.000542
589500;0.000644
590000;0.000779
590500;0.000635
591000;0.000618
591500;0.000646
592000;0.000591
592500;0.000556
593000;0.000558
593500;0.000567
594000;0.000603
594500;0.000833
595000;0.000709
595500;0.004291
596000;0.000757
596500;0.000837
597000;0.000896
597500;0.000691
598000;0.000858
598500;0.000953
599000;0.000716
599500;0.000705
600000;0.000818
600500;0.000684
601000;0.000748
601500;0.000599
602000;0.000500
602500;0.000562
603000;0.000482
603500;0.000592
604000;0.000609
604500;0.000511
605000;0.000480
605500;0.000595
606000;0.000597
606500;0.000557
607000;0.000762
607500;0.000494
608000;0.000505
608500;0.000500
609000;0.000569
609500;0.000580
610000;0.000633
610500;0.000707
611000;0.001567
611500;0.000710
612000;0.000592
612500;0.000625
613000;0.000756
613500;0.000707
614000;0.001257
614500;0.000816
615000;0.000934
615500;0.000702
616000;0.000967
616500;0.000886
617000;0.000780
617500;0.000730
618000;0.000775
618500;0.000666
619000;0.000560
619500;0.000510
620000;0.000823
620500;0.000725
621000;0.000664
621500;0.000882
622000;0.000798
622500;0.000642
623000;0.000563
623500;0.000673
624000;0.000518
624500;0.000621
625000;0.000538
625500;0.000529
626000;0.000494
626500;0.000781
627000;0.000709
627500;0.000583
628000;0.000535
628500;0.000565
629000;0.000529
629500;0.000694
630000;0.000636
630500;0.000565
631000;0.000538
631500;0.000601
632000;0.000779
632500;0.000725
633000;0.000625
633500;0.000561
634000;0.000619
634500;0.000562
635000;0.000558
635500;0.000713
636000;0.000647
636500;0.000637
637000;0.000810
637500;0.000852
638000;0.000645
638500;0.000781
639000;0.000645
639500;0.000622
640000;0.000651
640500;0.000633
641000;0.000774
641500;0.000562
642000;0.000655
642500;0.000831
643000;0.000717
643500;0.000634
644000;0.000774
644500;0.000842
645000;0.000585
645500;0.000879
646000;0.000647
646500;0.000887
647000;0.002144
647500;0.000757
648000;0.001470
648500;0.000780
649000;0.000739
649500;0.000814
650000;0.000701
650500;0.000806
651000;0.000839
651500;0.000759
652000;0.000582
652500;0.000550
653000;0.000525
653500;0.000577
654000;0.000502
654500;0.000498
655000;0.000482
655500;0.000534
656000;0.000901
656500;0.000781
657000;0.001156
657500;0.000686
658000;0.000555
658500;0.000579
659000;0.000604
659500;0.000556
660000;0.000643
660500;0.000644
661000;0.000752
661500;0.000571
662000;0.000977
662500;0.000742
663000;0.000628
663500;0.000631
664000;0.000587
664500;0.000712
665000;0.000564
665500;0.000775
666000;0.000635
666500;0.000586
667000;0.000890
667500;0.000764
668000;0.000737
668500;0.000912
669000;0.000591
669500;0.000604
670000;0.000621
670500;0.000646
671000;0.000584
671500;0.000704
672000;0.001402
672500;0.000576
673000;0.000579
673500;0.000802
674000;0.001081
674500;0.000866
675000;0.000603
675500;0.000585
676000;0.000723
676500;0.001253
677000;0.000907
677500;0.000846
678000;0.000699
678500;0.000607
679000;0.000553
679500;0.000877
680000;0.001084
680500;0.000807
681000;0.000706
681500;0.000616
682000;0.000951
682500;0.000617
683000;0.000675
683500;0.000883
684000;0.000593
684500;0.000653
685000;0.000599
685500;0.000632
686000;0.000829
686500;0.000786
687000;0.000581
687500;0.000700
688000;0.000607
688500;0.000856
689000;0.000783
689500;0.000817
690000;0.000912
690500;0.000882
691000;0.000759
691500;0.000735
692000;0.000755
692500;0.000821
693000;0.000629
693500;0.000772
694000;0.000770
694500;0.000940
695000;0.000906
695500;0.000996
696000;0.000671
696500;0.000670
697000;0.000694
697500;0.000602
698000;0.000578
698500;0.000630
699000;0.000592
699500;0.000672
700000;0.000555
700500;0.000701
701000;0.000759
701500;0.000812
702000;0.000904
702500;0.001039
703000;0.001136
703500;0.000754
704000;0.000833
704500;0.001275
705000;0.000691
705500;0.000757
706000;0.000889
706500;0.000755
707000;0.000867
707500;0.001470
708000;0.000962
708500;0.000719
709000;0.000598
709500;0.000684
710000;0.000687
710500;0.000802
711000;0.001036
711500;0.000930
712000;0.000811
712500;0.000809
713000;0.000904
713500;0.000786
714000;0.000946
714500;0.000974
715000;0.000773
715500;0.000711
716000;0.000731
716500;0.000620
717000;0.000634
717500;0.000618
718000;0.000583
718500;0.000596
719000;0.000831
719500;0.000728
720000;0.000612
720500;0.000747
721000;0.000600
721500;0.000586
722000;0.000603
722500;0.000596
723000;0.000592
723500;0.000567
724000;0.000562
724500;0.000836
725000;0.000629
725500;0.000891
726000;0.000670
726500;0.000770
727000;0.000761
727500;0.000727
728000;0.000832
728500;0.000792
729000;0.000678
729500;0.000807
730000;0.000826
730500;0.000798
731000;0.000778
731500;0.000700
732000;0.000724
732500;0.000695
733000;0.000724
733500;0.001009
734000;0.000872
734500;0.000658
735000;0.000676
735500;0.000730
736000;0.000687
736500;0.000665
737000;0.000675
737500;0.000719
738000;0.000845
738500;0.000711
739000;0.000699
739500;0.000612
740000;0.000599
740500;0.000942
741000;0.000650
741500;0.000769
742000;0.000667
742500;0.000707
743000;0.001007
743500;0.000814
744000;0.000993
744500;0.000685
745000;0.000752
745500;0.000643
746000;0.000728
746500;0.000713
747000;0.000701
747500;0.000897
748000;0.000750
748500;0.000660
749000;0.000811
749500;0.000881
750000;0.000882
750500;0.000666
751000;0.000862
751500;0.000954
752000;0.000722
752500;0.000671
753000;0.000669
753500;0.000645
754000;0.000690
754500;0.000700
755000;0.000770
755500;0.001624
756000;0.000863
756500;0.000800
757000;0.000787
757500;0.000803
758000;0.000716
758500;0.000640
759000;0.000643
759500;0.000658
760000;0.000596
760500;0.000663
761000;0.000783
761500;0.000743
762000;0.000872
762500;0.001018
763000;0.001114
763500;0.000660
764000;0.000820
764500;0.000678
765000;0.000991
765500;0.000735
766000;0.000696
766500;0.000847
767000;0.000766
767500;0.000789
768000;0.000849
768500;0.001056
769000;0.001045
769500;0.000886
770000;0.000867
770500;0.000835
771000;0.000670
771500;0.000782
772000;0.000829
772500;0.000719
773000;0.000707
773500;0.000782
774000;0.000804
774500;0.000666
775000;0.000877
775500;0.000867
776000;0.000765
776500;0.000900
777000;0.000886
777500;0.000817
778000;0.001279
778500;0.000986
779000;0.000858
779500;0.000914
780000;0.000769
780500;0.000764
781000;0.000752
781500;0.000739
782000;0.000752
782500;0.000773
783000;0.000697
783500;0.000709
784000;0.000697
784500;0.000799
785000;0.000714
785500;0.000689
786000;0.000708
786500;0.000756
787000;0.000875
787500;0.000753
788000;0.000807
788500;0.000790
789000;0.000633
789500;0.000717
790000;0.000758
790500;0.000710
791000;0.000691
791500;0.000759
792000;0.000767
792500;0.000660
793000;0.001014
793500;0.000939
794000;0.000843
794500;0.000845
795000;0.000763
795500;0.000856
796000;0.001045
796500;0.001040
797000;0.000900
797500;0.000881
798000;0.000858
798500;0.000867
799000;0.000763
799500;0.001019
800000;0.000923
800500;0.000836
801000;0.000760
801500;0.000812
802000;0.000864
802500;0.000888
803000;0.000746
803500;0.000832
804000;0.000995
804500;0.001057
805000;0.001059
805500;0.000809
806000;0.000915
806500;0.000838
807000;0.000806
807500;0.001218
808000;0.001090
808500;0.000816
809000;0.000780
809500;0.000951
810000;0.000741
810500;0.000843
811000;0.000706
811500;0.000764
812000;0.000877
812500;0.000799
813000;0.000704
813500;0.000733
814000;0.000673
814500;0.000733
815000;0.000661
815500;0.000719
816000;0.000937
816500;0.001280
817000;0.000788
817500;0.000741
818000;0.000996
818500;0.001054
819000;0.000951
819500;0.000992
820000;0.000810
820500;0.002078
821000;0.000930
821500;0.000865
822000;0.001040
822500;0.001616
823000;0.000985
823500;0.000837
824000;0.000754
824500;0.000995
825000;0.000972
825500;0.000940
826000;0.000735
826500;0.000738
827000;0.000740
827500;0.000707
828000;0.000848
828500;0.000994
829000;0.000861
829500;0.000888
830000;0.001021
830500;0.001087
831000;0.000806
831500;0.000856
832000;0.001145
832500;0.001125
833000;0.000862
833500;0.000987
834000;0.000873
834500;0.000717
835000;0.000746
835500;0.001152
836000;0.000742
836500;0.000753
837000;0.000910
837500;0.000813
838000;0.000895
838500;0.000853
839000;0.000851
839500;0.001029
840000;0.000994
840500;0.001057
841000;0.000922
841500;0.001193
842000;0.001021
842500;0.000968
843000;0.001160
843500;0.000956
844000;0.000901
844500;0.000936
845000;0.000928
845500;0.000960
846000;0.000912
846500;0.001150
847000;0.001072
847500;0.000874
848000;0.000831
848500;0.000789
849000;0.000770
849500;0.000750
850000;0.001094
850500;0.001062
851000;0.000966
851500;0.000756
852000;0.000881
852500;0.000858
853000;0.000869
853500;0.001090
854000;0.000963
854500;0.001487
855000;0.000893
855500;0.001009
856000;0.001009
856500;0.000715
857000;0.000710
857500;0.000885
858000;0.000944
858500;0.000768
859000;0.000773
859500;0.000989
860000;0.000957
860500;0.000992
861000;0.000868
861500;0.001091
862000;0.000945
862500;0.000923
863000;0.000996
863500;0.000789
864000;0.001489
864500;0.000694
865000;0.000979
865500;0.000860
866000;0.000773
866500;0.000802
867000;0.000727
867500;0.000861
868000;0.000853
868500;0.000726
869000;0.000742
869500;0.001202
870000;0.000620
870500;0.000761
871000;0.000875
871500;0.001014
872000;0.001040
872500;0.000783
873000;0.000906
873500;0.000873
874000;0.000786
874500;0.000809
875000;0.001091
875500;0.001157
876000;0.001174
876500;0.001164
877000;0.001176
877500;0.001101
878000;0.001035
878500;0.001183
879000;0.000912
879500;0.001992
880000;0.001245
880500;0.001056
881000;0.001184
881500;0.001036
882000;0.001080
882500;0.000934
883000;0.000916
883500;0.000839
884000;0.000814
884500;0.002616
885000;0.000856
885500;0.000965
886000;0.001033
886500;0.001075
887000;0.000771
887500;0.001200
888000;0.001036
888500;0.001070
889000;0.000961
889500;0.000931
890000;0.000900
890500;0.000904
891000;0.001116
891500;0.001113
892000;0.001010
892500;0.000974
893000;0.000935
893500;0.000944
894000;0.000883
894500;0.001031
895000;0.000942
895500;0.000934
896000;0.000922
896500;0.000944
897000;0.000818
897500;0.001153
898000;0.001207
898500;0.001013
899000;0.000882
899500;0.000961
900000;0.000914
900500;0.000895
901000;0.000873
901500;0.000926
902000;0.000893
902500;0.000929
903000;0.001157
903500;0.001117
904000;0.001128
904500;0.001169
905000;0.001267
905500;0.001387
906000;0.000958
906500;0.001083
907000;0.000987
907500;0.000976
908000;0.000810
908500;0.000999
909000;0.000893
909500;0.001498
910000;0.000816
910500;0.000785
911000;0.000809
911500;0.000791
912000;0.000827
912500;0.000984
913000;0.001043
913500;0.002144
914000;0.001023
914500;0.000927
915000;0.000923
915500;0.001066
916000;0.001006
916500;0.000942
917000;0.001254
917500;0.000990
918000;0.000743
918500;0.000906
919000;0.001035
919500;0.001064
920000;0.000986
920500;0.001292
921000;0.001056
921500;0.001031
922000;0.000936
922500;0.000908
923000;0.001117
923500;0.001156
924000;0.000874
924500;0.000980
925000;0.001081
925500;0.001019
926000;0.000931
926500;0.001214
927000;0.000884
927500;0.000977
928000;0.000808
928500;0.001004
929000;0.000956
929500;0.000956
930000;0.001164
930500;0.001033
931000;0.000734
931500;0.000839
932000;0.000988
932500;0.000958
933000;0.000870
933500;0.000998
934000;0.001112
934500;0.002206
935000;0.001050
935500;0.000969
936000;0.000985
936500;0.001099
937000;0.001282
937500;0.000810
938000;0.000891
938500;0.001097
939000;0.000980
939500;0.000970
940000;0.000855
940500;0.000946
941000;0.001015
941500;0.000890
942000;0.001208
942500;0.001197
943000;0.001325
943500;0.001801
944000;0.000924
944500;0.000947
945000;0.000994
945500;0.000738
946000;0.000732
946500;0.001129
947000;0.001199
947500;0.000817
948000;0.000911
948500;0.000941
949000;0.000898
949500;0.001028
950000;0.001020
950500;0.001208
951000;0.000984
951500;0.000721
952000;0.000891
952500;0.000831
953000;0.000938
953500;0.001012
954000;0.000954
954500;0.001334
955000;0.000985
955500;0.000824
956000;0.000971
956500;0.000863
957000;0.000981
957500;0.000961
958000;0.001232
958500;0.000972
959000;0.000899
959500;0.000982
960000;0.000779
960500;0.000816
961000;0.001189
961500;0.001449
962000;0.001251
962500;0.001170
963000;0.001117
963500;0.001054
964000;0.001185
964500;0.001206
965000;0.001316
965500;0.000894
966000;0.001176
966500;0.001200
967000;0.001080
967500;0.001211
968000;0.001163
968500;0.001008
969000;0.001179
969500;0.000889
970000;0.000937
970500;0.001299
971000;0.001251
971500;0.001036
972000;0.001015
972500;0.001005
973000;0.001068
973500;0.001179
974000;0.001029
974500;0.001044
975000;0.001025
975500;0.001090
976000;0.001040
976500;0.001188
977000;0.001199
977500;0.001042
978000;0.000981
978500;0.000846
979000;0.000997
979500;0.001417
980000;0.001070
980500;0.000983
981000;0.001084
981500;0.001042
982000;0.000798
982500;0.000817
983000;0.001073
983500;0.000923
984000;0.000869
984500;0.000899
985000;0.000853
985500;0.001112
986000;0.000915
986500;0.000904
987000;0.001051
987500;0.000857
988000;0.000820
988500;0.000936
989000;0.000784
989500;0.000843
990000;0.000746
990500;0.000830
991000;0.001041
991500;0.000815
992000;0.000761
992500;0.001169
993000;0.000947
993500;0.001026
994000;0.001325
994500;0.001193
995000;0.001091
995500;0.001126
996000;0.001364
996500;0.001421
997000;0.001337
997500;0.001213
998000;0.001041
998500;0.001340
999000;0.001103
999500;0.001143
1000000;0.008061
